Workbook

Sheet Final
A1: Exp name | B1: Geometry | C1: Algorithm | F1: Action and state | I1: Aerodynamic environment
C2: Policy | D2: Learning rate | E2: Hidden nodes | F2: Action space | G2: Obs tranformation | H2: Pressure probes | I2: T startup | J2: dt control | K2: T max | L2: Max steps | M2: Episodes
A3: ppo_1 | B3: Standard | C3: PPO | D3: 0.0001 | E3: 64 | F3: - | G3: T1 | H3: 15 | I3: 40 | J3: 1 | K3: 240 | L3: 10000 | M3: 51
A4: dqn_1 | B4: Standard | C4: DQN | D4: 0.0001 | E4: 64 | F4: 1001 | G4: T1 | H4: 15 | I4: 40 | J4: 1 | K4: 240 | L4: 10000 | M4: 51
A5: ppo_2 | B5: Standard | C5: PPO | D5: 0.0001 | E5: 64 | F5: - | G5: T1 | H5: 15 | I5: 40 | J5: 2 | K5: 240 | L5: 10000 | M5: 101
A6: ppo_3 | B6: Standard | C6: PPO | D6: 0.0001 | E6: 64 | F6: - | G6: T1 | H6: 15 | I6: 50 | J6: 2 | K6: 340 | L6: 10000 | M6: 69
A7: dqn_2 | B7: Standard | C7: DQN | D7: 0.0001 | E7: 64 | F7: 1001 | G7: T1 | H7: 15 | I7: 40 | J7: 0.5 | K7: 140 | L7: 10000 | M7: 51
A8: dqn_3 | B8: Standard | C8: DQN | D8: 0.0001 | E8: 64 | F8: 1001 | G8: - | H8: 15 | I8: 40 | J8: 0.5 | K8: 140 | L8: 10000 | M8: 51
A9: dqn_4 | B9: Standard | C9: DQN | D9: 0.0001 | E9: 64 | F9: 1001 | G9: T2 | H9: 15 | I9: 40 | J9: 0.5 | K9: 140 | L9: 10000 | M9: 51
A10: dqn_5 | B10: Standard | C10: DQN | D10: 0.0001 | E10: 128 | F10: 1001 | G10: T1 | H10: 15 | I10: 40 | J10: 0.5 | K10: 140 | L10: 10000 | M10: 51
A11: ppo_4 | B11: Standard | C11: PPO | D11: 0.0001 | E11: 128 | F11: - | G11: T1 | H11: 15 | I11: 40 | J11: 0.5 | K11: 140 | L11: 10000 | M11: 51
A12: dqn_6 | B12: Standard | C12: DQN | D12: 0.0001 | E12: 64 | F12: 501 | G12: T1 | H12: 15 | I12: 40 | J12: 0.5 | K12: 140 | L12: 10000 | M12: 51
A13: dqn_7 | B13: Big, long flaps | C13: DQN | D13: 0.0001 | E13: 64 | F13: 1001 | G13: T2 | H13: 15 | I13: 40 | J13: 0.5 | K13: 140 | L13: 10000 | M13: 51
A14: dqn_8 | B14: Standard | C14: DQN | D14: 0.0001 | E14: 256 | F14: 1001 | G14: T1 | H14: 15 | I14: 40 | J14: 0.5 | K14: 140 | L14: 10000 | M14: 51
A15: dqn_9 | B15: Standard | C15: DQN | D15: 0.00001 | E15: 64 | F15: 1001 | G15: T1 | H15: 15 | I15: 40 | J15: 0.5 | K15: 140 | L15: 10000 | M15: 51
A16: dqn_10 | B16: Standard | C16: DQN | D16: 0.001 | E16: 64 | F16: 1001 | G16: T1 | H16: 15 | I16: 40 | J16: 0.5 | K16: 140 | L16: 10000 | M16: 51
A17: ppo_5 | B17: Standard | C17: PPO | D17: 0.0001 | E17: 256 | F17: - | G17: T1 | H17: 15 | I17: 40 | J17: 0.5 | K17: 140 | L17: 10000 | M17: 51
A18: dqn_11 | B18: Standard | C18: DQN | D18: 0.001 | E18: 128 | F18: 1001 | G18: T1 | H18: 5 | I18: 40 | J18: 0.5 | K18: 140 | L18: 10000 | M18: 51

Sheet Train
A1: Batch ID | B1: Exp name | C1: Training | K1: Minimum expected Time | O1: Notes
C2: Phase | D2: Policy | E2: T startup | F2: dt control | G2: T max | H2: Max steps | I2: Steps per episode | J2: Episodes | K2: time [s] per step | L2: Total time [h] | M2: Total time [min] | N2: Total time [s]
A3: 501350 | B3: train_1 | C3: TRAIN | D3: PPO | E3: 40 | F3: 1 | G3: 240 | H3: 10000 | I3: =(G3-E3)/F3 -> 200 | J3: =FLOOR(H3/I3,1)+1 -> 51 | K3: 20 | L3: =M3/60 -> 66.888889 | M3: =N3/60 -> 4013.3333 | N3: =K3*(H3+J3*E3) -> 240800 | O3: Real Time: 218030
A4: 502006 | B4: eval_1 | C4: EVAL | D4: PPO | E4: 40 | F4: 1 | G4: 240 | H4: 0 | I4: =(G4-E4)/F4 -> 200 | J4: =FLOOR(H4/I4,1)+1 -> 1 | K4: 20 | L4: =M4/60 -> 0.22222222 | M4: =N4/60 -> 13.333333 | N4: =K4*(H4+J4*E4) -> 800 | O4: Eval for 1 episode
A5: 502007 | B5: train_dqn | C5: TRAIN_ERR | D5: DQN | E5: 40 | F5: 1 | G5: 240 | H5: 10000 | I5: =(G5-E5)/F5 -> 200 | J5: =FLOOR(H5/I5,1)+1 -> 51 | K5: 20 | L5: =M5/60 -> 66.888889 | M5: =N5/60 -> 4013.3333 | N5: =K5*(H5+J5*E5) -> 240800
A6: 502033 | B6: train_ppo_2 | C6: TRAIN_ERR | D6: PPO | E6: 50 | F6: 2 | G6: 240 | H6: 10000 | I6: =(G6-E6)/F6 -> 95 | J6: =FLOOR(H6/I6,1)+1 -> 106 | K6: 20 | L6: =M6/60 -> 85 | M6: =N6/60 -> 5100 | N6: =K6*(H6+J6*E6) -> 306000
A7: 502508 | B7: train_ppo_2 | C7: TRAIN_ERR | D7: PPO | E7: 50 | F7: 2 | G7: 240 | H7: 10000 | I7: =(G7-E7)/F7 -> 95 | J7: =FLOOR(H7/I7,1)+1 -> 106 | K7: 20 | L7: =M7/60 -> 85 | M7: =N7/60 -> 5100 | N7: =K7*(H7+J7*E7) -> 306000 | O7: Re-run from step 1000
A8: 502507 | B8: train_dqn | C8: TRAIN | D8: DQN | E8: 40 | F8: 1 | G8: 240 | H8: 10000 | I8: =(G8-E8)/F8 -> 200 | J8: =FLOOR(H8/I8,1)+1 -> 51 | K8: 20 | L8: =M8/60 -> 66.888889 | M8: =N8/60 -> 4013.3333 | N8: =K8*(H8+J8*E8) -> 240800 | O8: Re-run from step 3000
A9: 502511 | B9: train_ppo_3 | C9: TRAIN_ERR | D9: PPO | E9: 50 | F9: 1 | G9: 340 | H9: 10000 | I9: =(G9-E9)/F9 -> 290 | J9: =FLOOR(H9/I9,1)+1 -> 35 | K9: 20 | L9: =M9/60 -> 65.277778 | M9: =N9/60 -> 3916.6667 | N9: =K9*(H9+J9*E9) -> 235000
A10: 502645 | B10: eval_dqn | C10: EVAL | D10: DQN | E10: 40 | F10: 1 | G10: 240 | H10: 0 | I10: =(G10-E10)/F10 -> 200 | J10: =FLOOR(H10/I10,1)+1 -> 1 | K10: 20 | L10: =M10/60 -> 0.22222222 | M10: =N10/60 -> 13.333333 | N10: =K10*(H10+J10*E10) -> 800 | O10: Eval train_dqn for 2 episodes
A11: 502667 | B11: eval_dqn | C11: EVAL | D11: DQN | E11: 40 | F11: 1 | G11: 240 | H11: 0 | I11: =(G11-E11)/F11 -> 200 | J11: =FLOOR(H11/I11,1)+1 -> 1 | K11: 20 | L11: =M11/60 -> 0.22222222 | M11: =N11/60 -> 13.333333 | N11: =K11*(H11+J11*E11) -> 800 | O11: ID 8 with reward saved
A12: 502695 | B12: train_ppo_2 | C12: TRAIN | D12: PPO | E12: 40 | F12: 2 | G12: 240 | H12: 10000 | I12: =(G12-E12)/F12 -> 100 | J12: =FLOOR(H12/I12,1)+1 -> 101 | K12: 20 | L12: =M12/60 -> 78 | M12: =N12/60 -> 4680 | N12: =K12*(H12+J12*E12) -> 280800 | O12: Re-run from step 6000
A13: 502694 | B13: train_ppo_3 | C13: TRAIN | D13: PPO | E13: 50 | F13: 2 | G13: 340 | H13: 10000 | I13: =(G13-E13)/F13 -> 145 | J13: =FLOOR(H13/I13,1)+1 -> 69 | K13: 20 | L13: =M13/60 -> 74.722222 | M13: =N13/60 -> 4483.3333 | N13: =K13*(H13+J13*E13) -> 269000 | O13: Re-run from step 6000
A14: 502697 | B14: new_dqn | C14: TRAIN | D14: DQN | E14: 40 | F14: 1 | G14: 240 | H14: 10000 | I14: =(G14-E14)/F14 -> 200 | J14: =FLOOR(H14/I14,1)+1 -> 51 | K14: 20 | L14: =M14/60 -> 66.888889 | M14: =N14/60 -> 4013.3333 | N14: =K14*(H14+J14*E14) -> 240800 | O14: Nuova REWARD!!
A15: 502886 | B15: ppo2_eval | C15: EVAL | D15: PPO | E15: 40 | F15: 1 | G15: 240 | H15: 0 | I15: =(G15-E15)/F15 -> 200 | J15: =FLOOR(H15/I15,1)+1 -> 1 | K15: 20 | L15: =M15/60 -> 0.22222222 | M15: =N15/60 -> 13.333333 | N15: =K15*(H15+J15*E15) -> 800 | O15: Eval for id 10
A16: 502909 | B16: ppo3_eval | C16: EVAL | D16: PPO | E16: 40 | F16: 1 | G16: 240 | H16: 0 | I16: =(G16-E16)/F16 -> 200 | J16: =FLOOR(H16/I16,1)+1 -> 1 | K16: 20 | L16: =M16/60 -> 0.22222222 | M16: =N16/60 -> 13.333333 | N16: =K16*(H16+J16*E16) -> 800 | O16: Eval for id 11
A17: 502930 | B17: dqn_eval | C17: EVAL | D17: DQN | E17: 40 | F17: 1 | G17: 240 | H17: 0 | I17: =(G17-E17)/F17 -> 200 | J17: =FLOOR(H17/I17,1)+1 -> 1 | K17: 20 | L17: =M17/60 -> 0.22222222 | M17: =N17/60 -> 13.333333 | N17: =K17*(H17+J17*E17) -> 800 | O17: Eval for id 12
A18: 503059 | B18: dqn_2 | C18: TRAIN | D18: DQN | E18: 40 | F18: 0.5 | G18: 140 | H18: 10000 | I18: =(G18-E18)/F18 -> 200 | J18: =FLOOR(H18/I18,1)+1 -> 51 | K18: 20 | L18: =M18/60 -> 66.888889 | M18: =N18/60 -> 4013.3333 | N18: =K18*(H18+J18*E18) -> 240800 | O18: OBS 1
A19: 503063 | B19: ne_pp_1 | C19: EVAL | D19: PPO | E19: 40 | F19: 1 | G19: 240 | H19: 0 | I19: =(G19-E19)/F19 -> 200 | J19: 10 | K19: 20 | L19: =M19/60 -> 2.2222222 | M19: =N19/60 -> 133.33333 | N19: =K19*(H19+J19*E19) -> 8000 | O19: Eval for id 10
A20: 503074 | B20: ne_pp_2 | C20: EVAL | D20: PPO | E20: 40 | F20: 0.5 | G20: 140 | H20: 0 | I20: =(G20-E20)/F20 -> 200 | J20: 10 | K20: 20 | L20: =M20/60 -> 2.2222222 | M20: =N20/60 -> 133.33333 | N20: =K20*(H20+J20*E20) -> 8000 | O20: Eval for id 10
A21: 503283 | B21: dqn2_eval | C21: EVAL | D21: DQN | E21: 40 | F21: 0.5 | G21: 140 | H21: 0 | I21: =(G21-E21)/F21 -> 200 | J21: 10 | K21: 20 | L21: =M21/60 -> 2.2222222 | M21: =N21/60 -> 133.33333 | N21: =K21*(H21+J21*E21) -> 8000 | O21: Eval for id 16
A22: 503736 | B22: dqn_3 | C22: TRAIN | D22: DQN | E22: 40 | F22: 0.5 | G22: 140 | H22: 10000 | I22: =(G22-E22)/F22 -> 200 | J22: =FLOOR(H22/I22,1)+1 -> 51 | K22: 20 | L22: =M22/60 -> 66.888889 | M22: =N22/60 -> 4013.3333 | N22: =K22*(H22+J22*E22) -> 240800 | O22: NO OBS
A23: 503740 | B23: dqn_4 | C23: TRAIN | D23: DQN | E23: 40 | F23: 0.5 | G23: 140 | H23: 10000 | I23: =(G23-E23)/F23 -> 200 | J23: =FLOOR(H23/I23,1)+1 -> 51 | K23: 20 | L23: =M23/60 -> 66.888889 | M23: =N23/60 -> 4013.3333 | N23: =K23*(H23+J23*E23) -> 240800 | O23: OBS 2
A24: 504051 | B24: dqn_5 | C24: TRAIN | D24: DQN | E24: 40 | F24: 0.5 | G24: 140 | H24: 10000 | I24: =(G24-E24)/F24 -> 200 | J24: =FLOOR(H24/I24,1)+1 -> 51 | K24: 20 | L24: =M24/60 -> 66.888889 | M24: =N24/60 -> 4013.3333 | N24: =K24*(H24+J24*E24) -> 240800 | O24: OBS 1, POLICY 128
A25: 504052 | B25: ppo_4 | C25: TRAIN | D25: PPO | E25: 40 | F25: 0.5 | G25: 140 | H25: 10000 | I25: =(G25-E25)/F25 -> 200 | J25: =FLOOR(H25/I25,1)+1 -> 51 | K25: 20 | L25: =M25/60 -> 66.888889 | M25: =N25/60 -> 4013.3333 | N25: =K25*(H25+J25*E25) -> 240800 | O25: OBS 1, POLICY 128
A26: 504070 | B26: dqn_6 | C26: TRAIN | D26: DQN | E26: 40 | F26: 0.5 | G26: 140 | H26: 10000 | I26: =(G26-E26)/F26 -> 200 | J26: =FLOOR(H26/I26,1)+1 -> 51 | K26: 20 | L26: =M26/60 -> 66.888889 | M26: =N26/60 -> 4013.3333 | N26: =K26*(H26+J26*E26) -> 240800 | O26: OBS 1, action space 501
A27: 504192 | B27: dqn_4 | C27: EVAL | D27: DQN | E27: 40 | F27: 0.5 | G27: 140 | H27: 0 | I27: =(G27-E27)/F27 -> 200 | J27: =FLOOR(H27/I27,1)+1 -> 1 | K27: 20 | L27: =M27/60 -> 0.22222222 | M27: =N27/60 -> 13.333333 | N27: =K27*(H27+J27*E27) -> 800 | O27: OBS 2
A28: 504213 | B28: dqn_3 | C28: EVAL | D28: DQN | E28: 40 | F28: 0.5 | G28: 140 | H28: 0 | I28: =(G28-E28)/F28 -> 200 | J28: =FLOOR(H28/I28,1)+1 -> 1 | K28: 20 | L28: =M28/60 -> 0.22222222 | M28: =N28/60 -> 13.333333 | N28: =K28*(H28+J28*E28) -> 800 | O28: NO OBS
A29: 504242 | B29: dqn_5 | C29: EVAL | D29: DQN | E29: 40 | F29: 0.5 | G29: 140 | H29: 0 | I29: =(G29-E29)/F29 -> 200 | J29: =FLOOR(H29/I29,1)+1 -> 1 | K29: 20 | L29: =M29/60 -> 0.22222222 | M29: =N29/60 -> 13.333333 | N29: =K29*(H29+J29*E29) -> 800 | O29: OBS 1, POLICY 128
A30: 504243 | B30: ppo_4 | C30: EVAL | D30: PPO | E30: 40 | F30: 0.5 | G30: 140 | H30: 0 | I30: =(G30-E30)/F30 -> 200 | J30: =FLOOR(H30/I30,1)+1 -> 1 | K30: 20 | L30: =M30/60 -> 0.22222222 | M30: =N30/60 -> 13.333333 | N30: =K30*(H30+J30*E30) -> 800 | O30: OBS 1, POLICY 128
A31: 504244 | B31: dqn_6 | C31: EVAL | D31: DQN | E31: 40 | F31: 0.5 | G31: 140 | H31: 0 | I31: =(G31-E31)/F31 -> 200 | J31: =FLOOR(H31/I31,1)+1 -> 1 | K31: 20 | L31: =M31/60 -> 0.22222222 | M31: =N31/60 -> 13.333333 | N31: =K31*(H31+J31*E31) -> 800 | O31: OBS 1, action space 501
A32: 504241 | B32: dqn_3 | C32: EVAL | D32: DQN | E32: 40 | F32: 0.5 | G32: 140 | H32: 0 | I32: =(G32-E32)/F32 -> 200 | J32: =FLOOR(H32/I32,1)+1 -> 1 | K32: 20 | L32: =M32/60 -> 0.22222222 | M32: =N32/60 -> 13.333333 | N32: =K32*(H32+J32*E32) -> 800 | O32: NO OBS, re-run ID 26
A33: 504341 | B33: dqn_3 | C33: EVAL | D33: DQN | E33: 40 | F33: 0.5 | G33: 140 | H33: 0 | I33: =(G33-E33)/F33 -> 200 | J33: =FLOOR(H33/I33,1)+1 -> 1 | K33: 20 | L33: =M33/60 -> 0.22222222 | M33: =N33/60 -> 13.333333 | N33: =K33*(H33+J33*E33) -> 800 | O33: NO OBS, re-run ID 30 (5 episodes)
... A53: 510817 | B53: dqn_15 | C53: EVAL | D53: DQN | E53: 40 | F53: 0.5 | G53: 140 | H53: 0 | I53: =(G53-E53)/F53 -> 200 | J53: =FLOOR(H53/I53,1)+1 -> 1 | K53: 20 | L53: =M53/60 -> 0.22222222 | M53: =N53/60 -> 13.333333 | N53: =K53*(H53+J53*E53) -> 800 | O53: OBS 1, 5 probes, POLICY 128, LR 0.001
A60: Completed
A61: Running
A62: Failed
A63: Timeout

Sheet Mesh Analysis
B1: ID exp | C1: Fluid | G1: Num conditions | K1: Mesh | R1: Evaluation | U1: Notes
C2: Re | D2: u_inf | E2: rho_f | F2: mu_f | G2: CFL | H2: Von Neuman | I2: dt | J2: T | K2: delta | L2: len_delta | M2: cylinder_size | N2: box_size | O2: coarse_size | P2: length | Q2: outer_length | R2: Time | S2: Cd mean | T2: Cd freq
B3: aero_delta1_results | C3: 100 | D3: 1 | E3: 1.225 | F3: =E3*D3/C3 -> 0.01225 | G3: =M3/D3 -> 0.1 | H3: =0.5*M3^2 /F3 -> 0.40816327 | I3: =MIN(G3,H3) -> 0.1 | J3: 20 | K3: 1 | L3: 1 | M3: 0.1 | N3: =M3*5 -> 0.5 | O3: =M3*10 -> 1 | P3: =15 *L3 -> 15 | Q3: =30 *L3 -> 30 | R3: 500
B4: aero_delta05_results | C4: 100 | D4: 1 | E4: 1.225 | F4: =E4*D4/C4 -> 0.01225 | G4: =M4/D4 -> 0.05 | H4: =0.5*M4^2 /F4 -> 0.10204082 | I4: =MIN(G4,H4) -> 0.05 | J4: 20 | K4: 0.5 | L4: 1 | M4: =$K4*M$3 -> 0.05 | N4: =$K4*N$3 -> 0.25 | O4: =$K4*O$3 -> 0.5 | P4: =15 *L4 -> 15 | Q4: =30 *L4 -> 30 | R4: 4070
B5: aero_delta2_results | C5: 100 | D5: 1 | E5: 1.225 | F5: =E5*D5/C5 -> 0.01225 | G5: =M5/D5 -> 0.2 | H5: =0.5*M5^2 /F5 -> 1.6326531 | I5: =MIN(G5,H5) -> 0.2 | J5: 20 | K5: 2 | L5: 1 | M5: =$K5*M$3 -> 0.2 | N5: =$K5*N$3 -> 1 | O5: =$K5*O$3 -> 2 | P5: =15 *L5 -> 15 | Q5: =30 *L5 -> 30 | R5: 65
B6: aero_delta1_80s_results | C6: 100 | D6: 1 | E6: 1.225 | F6: =E6*D6/C6 -> 0.01225 | G6: =M6/D6 -> 0.1 | H6: =0.5*M6^2 /F6 -> 0.40816327 | I6: =MIN(G6,H6) -> 0.1 | J6: 80 | K6: 1 | L6: 1 | M6: 0.1 | N6: =M6*5 -> 0.5 | O6: =M6*10 -> 1 | P6: =15 *L6 -> 15 | Q6: =30 *L6 -> 30 | R6: 1815
B7: aero_delta1_Re150_results | C7: 150 | D7: 1 | E7: 1.225 | F7: =E7*D7/C7 -> 0.0081666667 | G7: =M7/D7 -> 0.1 | H7: =0.5*M7^2 /F7 -> 0.6122449 | I7: =MIN(G7,H7) -> 0.1 | J7: 40 | K7: 1 | L7: 1 | M7: 0.1 | N7: =M7*5 -> 0.5 | O7: =M7*10 -> 1 | P7: =15 *L7 -> 15 | Q7: =30 *L7 -> 30 | R7: 935
B8: aero_delta1_Re150_T20_results | C8: 150 | D8: 1 | E8: 1.225 | F8: =E8*D8/C8 -> 0.0081666667 | G8: =M8/D8 -> 0.1 | H8: =0.5*M8^2 /F8 -> 0.6122449 | I8: =MIN(G8,H8) -> 0.1 | J8: 20 | K8: 1 | L8: 1 | M8: 0.1 | N8: =M8*5 -> 0.5 | O8: =M8*10 -> 1 | P8: =15 *L8 -> 15 | Q8: =30 *L8 -> 30 | R8: 471
B9: aero_delta1_T40_results | C9: 100 | D9: 1 | E9: 1.225 | F9: =E9*D9/C9 -> 0.01225 | G9: =M9/D9 -> 0.1 | H9: =0.5*M9^2 /F9 -> 0.40816327 | I9: =MIN(G9,H9) -> 0.1 | J9: 40 | K9: 1 | L9: 1 | M9: 0.1 | N9: =M9*5 -> 0.5 | O9: =M9*10 -> 1 | P9: =15 *L9 -> 15 | Q9: =30 *L9 -> 30 | R9: 919
B10: aero_delta1_Re150_T100_results | C10: 150 | D10: 1 | E10: 1.225 | F10: =E10*D10/C10 -> 0.0081666667 | G10: =M10/D10 -> 0.1 | H10: =0.5*M10^2 /F10 -> 0.6122449 | I10: =MIN(G10,H10) -> 0.1 | J10: 100 | K10: 1 | L10: 1 | M10: 0.1 | N10: =M10*5 -> 0.5 | O10: =M10*10 -> 1 | P10: =15 *L10 -> 15 | Q10: =30 *L10 -> 30 | R10: 2353 | S10: 0.887 | T10: 0.3
B11: aero_delta1_Re100_T100_results | C11: 100 | D11: 1 | E11: 1.225 | F11: =E11*D11/C11 -> 0.01225 | G11: =M11/D11 -> 0.1 | H11: =0.5*M11^2 /F11 -> 0.40816327 | I11: =MIN(G11,H11) -> 0.1 | J11: 100 | K11: 1 | L11: 1 | M11: 0.1 | N11: =M11*5 -> 0.5 | O11: =M11*10 -> 1 | P11: =15 *L11 -> 15 | Q11: =30 *L11 -> 30 | R11: 2342
B12: aero_delta1_Re120_T100_results | C12: 120 | D12: 1 | E12: 1.225 | F12: =E12*D12/C12 -> 0.010208333 | G12: =M12/D12 -> 0.1 | H12: =0.5*M12^2 /F12 -> 0.48979592 | I12: =MIN(G12,H12) -> 0.1 | J12: 100 | K12: 1 | L12: 1 | M12: 0.1 | N12: =M12*5 -> 0.5 | O12: =M12*10 -> 1 | P12: =15 *L12 -> 15 | Q12: =30 *L12 -> 30 | R12: 2369
B13: aero_delta2_Re150_T100_results | C13: 150 | D13: 1 | E13: 1.225 | F13: =E13*D13/C13 -> 0.0081666667 | G13: =M13/D13 -> 0.2 | H13: =0.5*M13^2 /F13 -> 2.4489796 | I13: =MIN(G13,H13) -> 0.2 | J13: 100 | K13: 2 | L13: 1 | M13: =$K13*M$3 -> 0.2 | N13: =$K13*N$3 -> 1 | O13: =$K13*O$3 -> 2 | P13: =15 *L13 -> 15 | Q13: =30 *L13 -> 30 | R13: 420 | S13: 0.859
B14: aero_delta05_Re150_T100_results | C14: 150 | D14: 1 | E14: 1.225 | F14: =E14*D14/C14 -> 0.0081666667 | G14: =M14/D14 -> 0.05 | H14: =0.5*M14^2 /F14 -> 0.15306122 | I14: =MIN(G14,H14) -> 0.05 | J14: 100 | K14: 0.5 | L14: 1 | M14: =$K14*M$3 -> 0.05 | N14: =$K14*N$3 -> 0.25 | O14: =$K14*O$3 -> 0.5 | P14: =15 *L14 -> 15 | Q14: =30 *L14 -> 30 | R14: 20239 | S14: 0.877
B15: aero_delta2_len075_Re150_T100_results | C15: 150 | D15: 1 | E15: 1.225 | F15: =E15*D15/C15 -> 0.0081666667 | G15: =M15/D15 -> 0.2 | H15: =0.5*M15^2 /F15 -> 2.4489796 | I15: =MIN(G15,H15) -> 0.2 | J15: 100 | K15: 2 | L15: 0.75 | M15: =$K15*M$3 -> 0.2 | N15: =$K15*N$3 -> 1 | O15: =$K15*O$3 -> 2 | P15: =15 *L15 -> 11.25 | Q15: =30 *L15 -> 22.5 | R15: 284 | S15: 0.863
B16: aero_delta2_len05_Re150_T100_results | C16: 150 | D16: 1 | E16: 1.225 | F16: =E16*D16/C16 -> 0.0081666667 | G16: =M16/D16 -> 0.2 | H16: =0.5*M16^2 /F16 -> 2.4489796 | I16: =MIN(G16,H16) -> 0.2 | J16: 100 | K16: 2 | L16: 0.5 | M16: =$K16*M$3 -> 0.2 | N16: =$K16*N$3 -> 1 | O16: =$K16*O$3 -> 2 | P16: =15 *L16 -> 7.5 | Q16: =30 *L16 -> 15 | R16: 194 | S16: 0.912
B17: aero_delta1_len075_Re150_T100_results | C17: 150 | D17: 1 | E17: 1.225 | F17: =E17*D17/C17 -> 0.0081666667 | G17: =M17/D17 -> 0.1 | H17: =0.5*M17^2 /F17 -> 0.6122449 | I17: =MIN(G17,H17) -> 0.1 | J17: 100 | K17: 1 | L17: 0.75 | M17: 0.1 | N17: =M17*5 -> 0.5 | O17: =M17*10 -> 1 | P17: =15 *L17 -> 11.25 | Q17: =30 *L17 -> 22.5 | R17: 1571 | S17: 0.89 | T17: 0.3
B18: aero_delta1_len05_Re150_T100_results | C18: 150 | D18: 1 | E18: 1.225 | F18: =E18*D18/C18 -> 0.0081666667 | G18: =M18/D18 -> 0.1 | H18: =0.5*M18^2 /F18 -> 0.6122449 | I18: =MIN(G18,H18) -> 0.1 | J18: 100 | K18: 1 | L18: 0.5 | M18: 0.1 | N18: =M18*5 -> 0.5 | O18: =M18*10 -> 1 | P18: =15 *L18 -> 7.5 | Q18: =30 *L18 -> 15 | R18: 1008 | S18: 0.928 | T18: 0.3
B19: aero_delta05_len075_Re150_T100_results | C19: 150 | D19: 1 | E19: 1.225 | F19: =E19*D19/C19 -> 0.0081666667 | G19: =M19/D19 -> 0.05 | H19: =0.5*M19^2 /F19 -> 0.15306122 | I19: =MIN(G19,H19) -> 0.05 | J19: 100 | K19: 0.5 | L19: 0.75 | M19: =$K19*M$3 -> 0.05 | N19: =$K19*N$3 -> 0.25 | O19: =$K19*O$3 -> 0.5 | P19: =15 *L19 -> 11.25 | Q19: =30 *L19 -> 22.5 | R19: 12181 | S19: 0.889
B20: aero_delta05_len05_Re150_T100_results | C20: 150 | D20: 1 | E20: 1.225 | F20: =E20*D20/C20 -> 0.0081666667 | G20: =M20/D20 -> 0.05 | H20: =0.5*M20^2 /F20 -> 0.15306122 | I20: =MIN(G20,H20) -> 0.05 | J20: 100 | K20: 0.5 | L20: 0.5 | M20: =$K20*M$3 -> 0.05 | N20: =$K20*N$3 -> 0.25 | O20: =$K20*O$3 -> 0.5 | P20: =15 *L20 -> 7.5 | Q20: =30 *L20 -> 15 | R20: 7106 | S20: 0.921

Sheet Control
B1: ID exp | D1: Control | H1: Evaluation | J1: Notes
C2: outer_length | D2: Rho solid | E2: Mu solid | F2: Flap length | G2: Flap width | H2: Time | I2: Cd mean
B3: aero_delta1_len075_Re150_T100_results | C3: 22.5 | D3: - | E3: - | F3: - | G3: - | H3: 1571 | I3: 1.186 | J3: Square
B4: new_test_no_solid | D4: - | E4: - | F4: 1 | G4: 0.1 | H4: 3366 | I4: 0.987 | J4: Flaps introduction
B5: test_solid_1 | D5: 2 | E5: 50000 | F5: 1 | G5: 0.1 | H5: 3372
B6: test_solid_2 | D6: 20 | E6: 50000 | F6: 1 | G6: 0.1 | H6: 3368
B7: test_solid_3 | D7: 200 | E7: 50000 | F7: 1 | G7: 0.1 | H7: 3379
B8: test_solid_4 | D8: 200 | E8: 1000 | F8: 1 | G8: 0.1 | H8: 3383
B9: test_solid_4_disp_vel | D9: 200 | E9: 50000 | F9: 1 | G9: 0.1 | H9: 5305 | I9: 0.90762182 | J9: Change Rho | L9: =0.987/I10 -> 1.0906604
B10: test_solid_5_disp_vel | D10: 2000 | E10: 50000 | F10: 1 | G10: 0.1 | H10: 4500 | I10: 0.90495627 | J10: Change Rho
B11: test_solid_6_disp_vel | D11: 20000 | E11: 50000 | F11: 1 | G11: 0.1 | H11: 4258 | I11: 0.90495627 | J11: Change Rho
A12: 1 | B12: test_solid_7_disp_vel | D12: 200000 | E12: 50000 | F12: 1 | G12: 0.1 | H12: 3693 | I12: 0.90495627 | J12: Change Rho | K12: =H12/$H$12 -> 1
B13: test_solid_8_disp_vel | D13: 2000000 | E13: 50000 | F13: 1 | G13: 0.1 | H13: 3889 | I13: 0.90495627 | J13: Change Rho
B14: test_solid_9_disp_vel | D14: 2000000 | E14: 5000 | F14: 1 | G14: 0.1 | H14: 4155 | K14: =H14/$H$12 -> 1.1251015
A15: 2 | B15: test_solid_10_disp_vel | D15: 200000 | E15: 50000 | F15: 1.2 | G15: 0.1 | H15: 4129 | I15: 0.89162849 | J15: Change length | K15: =H15/$H$12 -> 1.1180612
A16: 3 | B16: test_solid_11_disp_vel | D16: 200000 | E16: 50000 | F16: 1.5 | G16: 0.1 | H16: 4319 | I16: 0.87163682 | J16: Change length | K16: =H16/$H$12 -> 1.1695099
A17: 4 | B17: test_solid_12_disp_vel | D17: 200000 | E17: 50000 | F17: 1 | G17: 0.2 | H17: 3415 | I17: 0.83565181 | J17: Change width | K17: =H17/$H$12 -> 0.92472245 | L17: =I17*$L$9 -> 0.91141237
A18: 5 | B18: test_solid_13_disp_vel | D18: 200000 | E18: 50000 | F18: 1.2 | G18: 0.2 | H18: 3468 | I18: 0.82498959 | J18: Change width | K18: =H18/$H$12 -> 0.93907392 | L18: =I18*$L$9 -> 0.89978351
A19: 6 | B19: test_solid_14_disp_vel | D19: 200000 | E19: 50000 | F19: 1.5 | G19: 0.2 | H19: 3528 | I19: 0.81166181 | J19: Change width | K19: =H19/$H$12 -> 0.95532088 | L19: =I19*$L$9 -> 0.88524742
B20: test_solid_15_disp_vel | D20: 250000 | E20: 50000 | F20: 1.5 | G20: 0.2 | H20: 3661 | I20: 0.81166181
B21: test_solid_16_disp_vel | D21: 500000 | E21: 50000 | F21: 1.5 | G21: 0.2 | H21: 3656

Sheet Legend
D2: Grid dimension
D3: Coarse | E3: Medium | F3: Fine
B4: Domain dimension | C4: Big | D4: aero_delta2_Re150_T100_results | E4: aero_delta1_Re150_T100_results | F4: aero_delta05_Re150_T100_results
C5: Medium | D5: aero_delta2_len075_Re150_T100_results | E5: aero_delta1_len075_Re150_T100_results | F5: aero_delta05_len075_Re150_T100_results
C6: Small | D6: aero_delta2_len05_Re150_T100_results | E6: aero_delta1_len05_Re150_T100_results | F6: aero_delta05_len05_Re150_T100_results

Sheet Convergence
B2: Time [min] | D2: Grid dimension
D3: Coarse | E3: Medium | F3: Fine
B4: Domain dimension | C4: Big | D4: =_xlfn.XLOOKUP(Legend!D4,'Mesh Analysis'!$B$3:$B$32,'Mesh Analysis'!$R$3:$R$32)/60 -> 7 | E4: =_xlfn.XLOOKUP(Legend!E4,'Mesh Analysis'!$B$3:$B$32,'Mesh Analysis'!$R$3:$R$32)/60 -> 39.216667 | F4: =_xlfn.XLOOKUP(Legend!F4,'Mesh Analysis'!$B$3:$B$32,'Mesh Analysis'!$R$3:$R$32)/60 -> 337.31667 | H4: =D4/$D$6 -> 2.1649485 | I4: =E4/$D$6 -> 12.128866 | J4: =F4/$D$6 -> 104.32474
C5: Medium | D5: =_xlfn.XLOOKUP(Legend!D5,'Mesh Analysis'!$B$3:$B$32,'Mesh Analysis'!$R$3:$R$32)/60 -> 4.7333333 | E5: =_xlfn.XLOOKUP(Legend!E5,'Mesh Analysis'!$B$3:$B$32,'Mesh Analysis'!$R$3:$R$32)/60 -> 26.183333 | F5: =_xlfn.XLOOKUP(Legend!F5,'Mesh Analysis'!$B$3:$B$32,'Mesh Analysis'!$R$3:$R$32)/60 -> 203.01667 | H5: =D5/$D$6 -> 1.4639175 | I5: =E5/$D$6 -> 8.0979381 | J5: =F5/$D$6 -> 62.78866
C6: Small | D6: =_xlfn.XLOOKUP(Legend!D6,'Mesh Analysis'!$B$3:$B$32,'Mesh Analysis'!$R$3:$R$32)/60 -> 3.2333333 | E6: =_xlfn.XLOOKUP(Legend!E6,'Mesh Analysis'!$B$3:$B$32,'Mesh Analysis'!$R$3:$R$32)/60 -> 16.8 | F6: =_xlfn.XLOOKUP(Legend!F6,'Mesh Analysis'!$B$3:$B$32,'Mesh Analysis'!$R$3:$R$32)/60 -> 118.43333 | H6: =D6/$D$6 -> 1 | I6: =E6/$D$6 -> 5.1958763 | J6: =F6/$D$6 -> 36.628866
B9: Mean CD | D9: Grid dimension | H9: Mean CD | J9: Grid dimension
D10: Coarse | E10: Medium | F10: Fine | J10: Coarse | K10: Medium | L10: Fine
B11: Domain dimension | C11: Big | D11: =_xlfn.XLOOKUP(Legend!D4,'Mesh Analysis'!$B$3:$B$32,'Mesh Analysis'!$S$3:$S$32) -> 0.859 | E11: =_xlfn.XLOOKUP(Legend!E4,'Mesh Analysis'!$B$3:$B$32,'Mesh Analysis'!$S$3:$S$32) -> 0.887 | F11: =_xlfn.XLOOKUP(Legend!F4,'Mesh Analysis'!$B$3:$B$32,'Mesh Analysis'!$S$3:$S$32) -> 0.877 | H11: Domain dimension | I11: Big | J11: =ABS(D11-$F$11)+$F$11 -> 0.895 | K11: =ABS(E11-$F$11)+$F$11 -> 0.887 | L11: =ABS(F11-$F$11)+$F$11 -> 0.877
C12: Medium | D12: =_xlfn.XLOOKUP(Legend!D5,'Mesh Analysis'!$B$3:$B$32,'Mesh Analysis'!$S$3:$S$32) -> 0.863 | E12: =_xlfn.XLOOKUP(Legend!E5,'Mesh Analysis'!$B$3:$B$32,'Mesh Analysis'!$S$3:$S$32) -> 0.89 | F12: =_xlfn.XLOOKUP(Legend!F5,'Mesh Analysis'!$B$3:$B$32,'Mesh Analysis'!$S$3:$S$32) -> 0.889 | I12: Medium | J12: =ABS(D12-$F$11)+$F$11 -> 0.891 | K12: =ABS(E12-$F$11)+$F$11 -> 0.89 | L12: =ABS(F12-$F$11)+$F$11 -> 0.889
C13: Small | D13: =_xlfn.XLOOKUP(Legend!D6,'Mesh Analysis'!$B$3:$B$32,'Mesh Analysis'!$S$3:$S$32) -> 0.912 | E13: =_xlfn.XLOOKUP(Legend!E6,'Mesh Analysis'!$B$3:$B$32,'Mesh Analysis'!$S$3:$S$32) -> 0.928 | F13: =_xlfn.XLOOKUP(Legend!F6,'Mesh Analysis'!$B$3:$B$32,'Mesh Analysis'!$S$3:$S$32) -> 0.921 | I13: Small | J13: =ABS(D13-$F$11)+$F$11 -> 0.912 | K13: =ABS(E13-$F$11)+$F$11 -> 0.928 | L13: =ABS(F13-$F$11)+$F$11 -> 0.921
B16: Freq CD | D16: Grid dimension
D17: Coarse | E17: Medium | F17: Fine
B18: Domain dimension | C18: Big | D18: =_xlfn.XLOOKUP(Legend!D4,'Mesh Analysis'!$B$3:$B$32,'Mesh Analysis'!$T$3:$T$32) -> 0 | E18: =_xlfn.XLOOKUP(Legend!E4,'Mesh Analysis'!$B$3:$B$32,'Mesh Analysis'!$T$3:$T$32) -> 0.3 | F18: =_xlfn.XLOOKUP(Legend!F4,'Mesh Analysis'!$B$3:$B$32,'Mesh Analysis'!$T$3:$T$32) -> 0
C19: Medium | D19: =_xlfn.XLOOKUP(Legend!D5,'Mesh Analysis'!$B$3:$B$32,'Mesh Analysis'!$T$3:$T$32) -> 0 | E19: =_xlfn.XLOOKUP(Legend!E5,'Mesh Analysis'!$B$3:$B$32,'Mesh Analysis'!$T$3:$T$32) -> 0.3 | F19: =_xlfn.XLOOKUP(Legend!F5,'Mesh Analysis'!$B$3:$B$32,'Mesh Analysis'!$T$3:$T$32) -> 0
C20: Small | D20: =_xlfn.XLOOKUP(Legend!D6,'Mesh Analysis'!$B$3:$B$32,'Mesh Analysis'!$T$3:$T$32) -> 0 | E20: =_xlfn.XLOOKUP(Legend!E6,'Mesh Analysis'!$B$3:$B$32,'Mesh Analysis'!$T$3:$T$32) -> 0.3 | F20: =_xlfn.XLOOKUP(Legend!F6,'Mesh Analysis'!$B$3:$B$32,'Mesh Analysis'!$T$3:$T$32) -> 0
D23: =D11*2/(1.225*1.225) -> 1.1448563 | E23: =E11*2/(1.225*1.225) -> 1.1821741 | F23: =F11*2/(1.225*1.225) -> 1.1688463
D24: =D12*2/(1.225*1.225) -> 1.1501874 | E24: =E12*2/(1.225*1.225) -> 1.1861724 | F24: =F12*2/(1.225*1.225) -> 1.1848397
D25: =D13*2/(1.225*1.225) -> 1.2154935 | E25: =E13*2/(1.225*1.225) -> 1.236818 | F25: =F13*2/(1.225*1.225) -> 1.2274885
